"0","tamaramorrison@hotmail.com","pbkdf2:sha256:260000$kPHQncx2FDpAimpE$15fb0efe2a585fcb68530f219a67e6066f82d6775d4b45f8812f9de1187c785e","Gary","Cross","711 Golden Overpass
West Andreaville, MA 71317","True","0"
"1","stephenschristine@yahoo.com","pbkdf2:sha256:260000$EoFJJ50hVmQizut5$90438f2fe7e33a3a8f34509958e3c5da67be7a0847079a50720037062dd42c28","Chelsea","Greer","Unit 0903 Box 2173
DPO AP 08507","False","1"
"2","jacqueline78@yahoo.com","pbkdf2:sha256:260000$6slkCs7vuokNVyOu$3655386094403ebba4c151ce569ec1c8a493e26c08b51d3543a6762f1aac2a74","Jasmine","Perry","76960 Savage Port
Bartonton, NV 08874","False","2"
"3","williamsfrank@hotmail.com","pbkdf2:sha256:260000$9l08p893fqFe6u64$e3a8ad9c2ce182d89b21b75e266d349d0e82ad88730a65a96bc44626969eb954","Melanie","Grant","658 Jared Radial Suite 022
Mathewstad, CO 44836","True","3"
"4","jward@gmail.com","pbkdf2:sha256:260000$TVkxjmcZtjYLSSIT$eb5546ff27ae10dabbd17cd27ff66ad210e769af5c4d3d19a3b1852d74596738","Isabella","Hinton","08731 Sanders Fords
Port Jasonberg, ID 60585","True","4"
"5","melissayates@hotmail.com","pbkdf2:sha256:260000$99KQG0tzQ8c8rSkf$3165c6c205a98d37ce648a42cd3a601365f5e535c0f4bb63f61958243c5cfb1b","Joan","Atkins","809 Erika Valley Apt. 634
Petersenfort, WY 51431","False","5"
"6","stanleyclarke@gmail.com","pbkdf2:sha256:260000$sacEcVLdcKMey9A1$d0a4d09866b8be03f350d0f919ab89a10c1728f7aa873b1e3f97c0e383a5af3f","Ashley","Dunn","519 Kramer Crossroad Suite 418
North Kimberly, MN 99672","False","6"
"7","eric22@gmail.com","pbkdf2:sha256:260000$V2QQuOcjegNVPnLn$69565c112fb0635f95a36e120d7e66f3fb47afcbf2f1d183dfd2b3b88980c59f","Melissa","Cantu","420 Michael Mountains Suite 485
New Victoria, ND 76634","False","7"
"8","bramirez@gmail.com","pbkdf2:sha256:260000$yWvqQ9WBADSHFmyP$6357305e229c374e4a3a7de2c28092e1c8fae4d5c1cd31cea30a70e2b7f8500e","Christina","Smith","489 Roger Terrace
Davisfort, IN 71770","False","8"
"9","kellypeter@gmail.com","pbkdf2:sha256:260000$NUuwSURxA1KNkdbD$2c92464ddde9caf4e3c0665fcbbf05044df5a3f7fb8f14ea584ab02e76a8a01d","Melissa","James","637 Neal Island Suite 074
Lake Tyler, RI 28775","False","9"
"10","fcarpenter@yahoo.com","pbkdf2:sha256:260000$8T1CRMMLWBq4AbeX$d6669033a220cf6c2642c0fdf527f5a10ceac3217c1502473ecc46267aa92662","Amanda","Schultz","491 Wise Knoll
Ellishaven, SD 72221","True","10"
"11","allenmargaret@gmail.com","pbkdf2:sha256:260000$SPSUT7hrh0FGGptW$6a3840d97ddb3573351e626886741899a1681c00b4b0f12c23bdaaab05f6d3fe","Danielle","Daniel","48107 Hardy Causeway
Wernermouth, DE 11722","False","11"
"12","jeffrey31@hotmail.com","pbkdf2:sha256:260000$JXiuhwKkhSoaQQgN$ca22826a5c314b2be2171f90560e3298d710f63b8649850969844a1e2cf28944","Alan","Mendez","886 David Rue
Davidshire, IN 88959","True","12"
"13","cooperelizabeth@gmail.com","pbkdf2:sha256:260000$cPXyxHoms1ixZ4z5$fc4be313ae12d1d1edcbbd3f7ff0155392dc9ed65b1ce1d6261f06d67d506365","Matthew","Perez","250 Burton Burg
North Alexander, MD 09223","True","13"
"14","bryantjennifer@yahoo.com","pbkdf2:sha256:260000$u6ExkhH5X9HFab2U$f2086b436bed5777655d3f0985886b542cb3caa1f28d1fd2077d200801685925","Oscar","Bennett","85265 Pratt Lock Apt. 484
Maddenside, OH 34900","True","14"
"15","rfischer@yahoo.com","pbkdf2:sha256:260000$AmosX7cTjFNIYpSG$8bd29fb18885ccd1ee94cc50edd8e71fd048614596bf0f21c8924928486e833f","Brenda","Williams","931 Ramirez Village Apt. 821
New Daniel, SC 71728","False","15"
"16","vasquezkathryn@gmail.com","pbkdf2:sha256:260000$BlGNy34zVL7vl87P$ad953e71692d61a7811d58259b0b89ba4878ca3248f33dd8fb4c9c1af9e75341","Cynthia","Reeves","PSC 6644, Box 6595
APO AE 40742","True","16"
"17","kimberly87@gmail.com","pbkdf2:sha256:260000$EwP8Kz4p8c4sDFXV$0bbb9e75e51b76e8fa18b28ab8d2a8ec39c86adb8bca74ee7f43c4f6dda28d46","Kyle","Powell","080 Herring Key Apt. 182
Jamesview, UT 93388","True","17"
"18","morriskrystal@hotmail.com","pbkdf2:sha256:260000$ba24WUvr450parW6$8ba51d54debb628ee2197841c72b145faea91067ffe62a0056b088897007ff44","Lindsey","Oliver","4361 Davis Burg
Andrewfurt, UT 86147","True","18"
"19","emilyjames@gmail.com","pbkdf2:sha256:260000$54tO1cXeLY4ajDJP$d1067321f0a45c230bb42dda549467821e4d92de8af3c4e67dfc15eb9480b58f","Carla","Fisher","90622 Anthony Islands
North Brandonville, RI 19859","True","19"
"20","michaelanderson@hotmail.com","pbkdf2:sha256:260000$Na5QBGvOPtJviQS1$9bd5a12cfee0f6576633c005e0b31d327998e5081bb150311e3ad35e5a1f07f3","Gilbert","Jenkins","8034 Jennifer Islands Suite 604
Johnsonchester, MS 95905","False","20"
"21","deleonwilliam@gmail.com","pbkdf2:sha256:260000$YOzoDGNpATgIXLV5$fa6e674b5ac37bb62b3894c1eb69648453e794738cdd3c2ec72c0908644aec19","Maria","Harris","01575 Erica Land
Elizabethbury, OH 72804","False","21"
"22","joshua07@yahoo.com","pbkdf2:sha256:260000$HKeb4Al3m6Q1Jul6$20a5cd6357ff1d96d77879127c24e4d4575220050c27b55ee6b550d26efa16e0","Heather","Davis","68971 Hansen Well
Moniquetown, IN 65740","True","22"
"23","leonardsutton@gmail.com","pbkdf2:sha256:260000$LfIUls8n5I8QRzEm$fad138b3926b4565ddad3bd3d55d1f209d7454f7aca2c054993cf121895be7d9","Patrick","Spears","Unit 7879 Box 9368
DPO AA 64290","True","23"
"24","gmiller@yahoo.com","pbkdf2:sha256:260000$2X2f9oaIuj54cXE5$3c84820e4f70036958e3e6c25a9a1d307fe98cb76d174820d6e6acd80c7edfb4","Lisa","Hopkins","818 Heather Mountains Apt. 877
South Amy, MT 33850","False","24"
"25","sanchezrebecca@yahoo.com","pbkdf2:sha256:260000$KgJOw6uIx9nKJmv3$7d4526859acbb66b6856a8ca551ea973c60fe04c39a618c4ead56ff12529b8f7","Amber","Vaughan","899 Hernandez Spurs
Nolanshire, PA 58353","False","25"
"26","jeremy94@gmail.com","pbkdf2:sha256:260000$2yZmwVmFdn9eCoHE$30d0034d20df0c252bb04f8ccb602bbfacfc7986619691bd8301e252fd69bafa","Damon","Jensen","852 Green Ramp
Ramirezbury, MS 98277","False","26"
"27","heatherhayden@yahoo.com","pbkdf2:sha256:260000$x77nWpKsQJ52PeaZ$00330e24a2326300970bb648bb1325b2f9165fdd5dfbe9315029f48c39de8f18","Zachary","Garcia","192 Johnson Ville
West Colin, VT 28939","True","27"
"28","preyes@gmail.com","pbkdf2:sha256:260000$uPgOYE5uIUPjzkco$b296f2da02fe5d9e4171df4c5b0dccea0f0dfabe4627ac8a406c1394d4dc5a43","Amy","Price","PSC 8771, Box 6528
APO AE 30780","False","28"
"29","dixoncarl@yahoo.com","pbkdf2:sha256:260000$tBYHre1pqxzEVnSX$1b1552ce6daaa1f163ce2bed5f390ca187fc928bf06dc5a55a0dd17b4ce52bc2","Jasmine","Cruz","36746 Stanley Green
Port Ericbury, IL 06444","True","29"
"30","tatealexis@hotmail.com","pbkdf2:sha256:260000$oESCkRwD0oywgP2D$cf053f941bd32ae99beca66681e600a85886f7257dc31fb7fd8525d7f1955b54","Veronica","Harding","400 Cathy Expressway Suite 367
Micheleland, NE 15618","True","30"
"31","vschneider@gmail.com","pbkdf2:sha256:260000$2KTRIuZ3bdCFTLzA$fe411874ab3810cb4cd50b3a839393d8fe11630b22c90c8b5f88640e248049c7","Brian","Kelly","Unit 2166 Box 7052
DPO AE 92631","False","31"
"32","harnold@gmail.com","pbkdf2:sha256:260000$oi2PUYiKUqgwnINc$0c2c21ffa6cbe1566d9eda09248e617efcf709aaf4b2d402429c3287773ee394","Ashley","Cook","3475 Ruiz Pine
North Lesliefurt, MO 71569","False","32"
"33","blewis@hotmail.com","pbkdf2:sha256:260000$JMU256QvDm7XB2M6$c772919ff16853873b1f84c740d7f90b346b55e7b4f6da4218926956bc852cbf","Ashley","Williams","6037 Vega Vista Apt. 078
Port Paul, TX 76557","False","33"
"34","hbrown@gmail.com","pbkdf2:sha256:260000$TE67MAmZ6K6FTDpo$8a4abcc873988d2c3abcba52390515007999263a285d6664034f7ef665e61eab","Ann","Crawford","0033 Melanie Mount Apt. 484
Barnesmouth, TX 97852","False","34"
"35","barnesdustin@hotmail.com","pbkdf2:sha256:260000$kP29zho9a3qGuMEx$eb5b82eb52779160cf551085c6e6ab70f6268949895825b42e340beeb42c7d7d","Chad","Bridges","8724 Rachel Squares
Latoyabury, FL 27650","True","35"
"36","palmercassandra@hotmail.com","pbkdf2:sha256:260000$Cr97ILqEiYElI9gb$d913a3b474f95d000e61fdf8d6b2481b581cb435f4f482cf95f9876fd0289c83","Dalton","Fritz","33319 Russell Village
New James, CO 25596","True","36"
"37","jfoster@yahoo.com","pbkdf2:sha256:260000$tJnzkMhU7IX0YGMk$5800133347d4eaa4613c7b805e41aaff694768a9f1e38cb285c84c20252b2499","Sherry","Vincent","218 Flores Stream Apt. 533
Adriennechester, VA 97185","True","37"
"38","tbraun@gmail.com","pbkdf2:sha256:260000$D0El9nqbr7aEqhwe$5f99311508ecc2d7de2f541469a8ed04d9b396ff93f486a39c82308414af77ef","Mario","Shelton","29229 Carlos Harbors
West Cindyshire, KS 76302","True","38"
"39","heatherclark@yahoo.com","pbkdf2:sha256:260000$iMYdRrtoHLZwRf4Y$91c08761160b5d53d6118c7ef18be42ae926657e60beca3fe8510f4bada1bdbc","Patricia","Dixon","04164 Todd Mountains
Zacharyberg, NM 35645","False","39"
"40","pamela18@hotmail.com","pbkdf2:sha256:260000$Z6zFb0xZ5iCoyPAd$f408bd0c985de0ffaa2589c9115433534e9b91c87597e3c7bf6955776dcdb810","Kelsey","Grant","3359 Green Extension Suite 601
North Markborough, ND 15579","False","40"
"41","qbraun@gmail.com","pbkdf2:sha256:260000$sxfrgy2YsANEVQav$225e4ed00da2cc4d4a45662f23bca1e932b0b5193fe81e0cedd8169328802eb1","Alexander","Wells","69582 Travis Mountain
Richardsonborough, IL 09429","True","41"
"42","gmoore@hotmail.com","pbkdf2:sha256:260000$sb7OXlsX0qg11ZPf$7650346bda63eac663c4ac7e2e44524ce328a2a9ce809884e3312680acf19797","Crystal","MD","90320 Leonard Fall
Randyport, AZ 21393","True","42"
"43","fdixon@hotmail.com","pbkdf2:sha256:260000$ZdvHQcTtoJ4mMKLG$0ceae3a972083ad47d1bd4afbbd7c0a006b940549091babb7dc7f3fcbb25deba","Kristina","Flynn","76117 Benitez Stream
New Curtis, MN 96166","False","43"
"44","rsmith@yahoo.com","pbkdf2:sha256:260000$iSLq0tyi3o19plkW$1ac8979405d6537914e0c5bbc8125e242b5ab05d8c6e9fc64e9046b78d22fbc0","David","Lopez","46850 Hall Bypass Suite 842
Brandonview, CO 44400","False","44"
"45","johnny46@hotmail.com","pbkdf2:sha256:260000$HRDWJnyLYrxuIzza$ac81b91542b70af91ea112dab967f8f26150729b02fa4b7ddcd894b98b9b7743","Timothy","Kerr","2648 Flores Stream
Henryville, PA 41804","False","45"
"46","taylorsteven@gmail.com","pbkdf2:sha256:260000$C913cz4GF92bb7EM$3f4d50ce4434508af1442c9977d3859bdeb734a0f66fc9146e4f1eefa5331707","William","Burns","468 Kristopher Curve Apt. 215
North Anthony, CA 75692","True","46"
"47","fbenjamin@hotmail.com","pbkdf2:sha256:260000$waeTRho8o7MgjAnm$9bbe7508f97fb55ae600c043716670db7bf46ed8f66ec79ef33cab1dc367f1fa","Christopher","Guerrero","65545 Jaime Run
Danielleburgh, OH 21345","True","47"
"48","josephmason@hotmail.com","pbkdf2:sha256:260000$DK7Q6KROsQIij4Jg$9e1ea1a493a2e04dc7b1f9b79e4ba1fa0225ad77faaf95f7b9e8e48bd3bde323","Kathryn","Noble","15233 Keller Wall Suite 978
Kimtown, TX 81993","False","48"
"49","richard56@yahoo.com","pbkdf2:sha256:260000$58xckLZtPAiQxNhk$8b6653c0698bfe07d65e534bb6a009a0f77aeba2ab0d9dcbf3e37b18263653bb","Daniel","Cortez","31925 Ware Trail Suite 586
Riveraview, ME 58653","False","49"
"50","fosterbryan@yahoo.com","pbkdf2:sha256:260000$LLzVtymLPdAWrdxj$299d6ef0d754506c256d4e2cd2a1a00dc6226fa5468c24fc79f8e14ec9ffb7b4","Laura","Morrison","224 Sparks Islands
South Valerie, ND 13613","False","50"
"51","anthonyvincent@yahoo.com","pbkdf2:sha256:260000$rdliddTYORrScnpf$f86796f4ab0d1f6e5a64e24bbe2e7276406e94022ecac532b4d33f8a9e763712","Renee","Moore","5285 Lisa Course
North James, VT 86261","True","51"
"52","sawyersamuel@yahoo.com","pbkdf2:sha256:260000$RUG4xKROiLbrznfd$d88be9176e3a03ab8d10d9ed3ee0e07ad985143086691e85cdeac08996b7fc31","Alyssa","Farley","938 Jason Summit
Gallowayville, GA 21419","False","52"
"53","gstone@yahoo.com","pbkdf2:sha256:260000$xEZaAwvzqoWv4sy9$8f28ba5d40e24849659987100d0bf1ef1d098ca411ba0a014eaa5ba39468919d","Alexis","Williams","810 Ralph Via
Georgefurt, TN 42292","False","53"
"54","kevinflores@gmail.com","pbkdf2:sha256:260000$ykJvgBBzbnnIoQPJ$96839df3ac7142b6e0b4e24356c4450e3f17b07cca6236684b44c1aa52e0dd4f","Jasmine","Castro","983 William Oval
New Jessica, DE 20592","False","54"
"55","gordon43@hotmail.com","pbkdf2:sha256:260000$vaqM3N1tpmrHS6YJ$62936a5b863075cba4539fbb8496bc3c277689e231c086f8882be8b330e51cb1","Joseph","Williams","411 Craig Knoll
East Lauren, VA 97386","False","55"
"56","matthew91@gmail.com","pbkdf2:sha256:260000$OeZgyPTaYSFyyFY8$0508a4b25d29bb4df5514cbacf3a7839be394352505dbc44225996c030238b4f","David","Waters","2185 Curtis Summit
Lake Franceshaven, UT 65182","True","56"
"57","tricia79@hotmail.com","pbkdf2:sha256:260000$IiFkq4o191RaMcdx$92946f9cb40046072c31bc9cf52ffe5796d4caabbb9deab1b4343cb4b3426ce9","Jodi","Moore","PSC 1503, Box 3744
APO AP 49592","False","57"
"58","kaitlyn18@hotmail.com","pbkdf2:sha256:260000$VBZdyTK6CJ3D00nc$284b79c6f1c22bfb7a10eb305309b47cd40775e92a9aca427adab3baf99be449","William","Mccarty","165 Lisa Ville Suite 918
New Emily, AK 02870","True","58"
"59","luis49@hotmail.com","pbkdf2:sha256:260000$dMpWELTHbrgZyQjQ$917c18ce683491af3dd8ee02bbf75ba27fe56e9297a0160c0e682ea4ab7f030d","Michael","Goodman","1128 Kimberly Lake Suite 506
Grantport, NJ 06309","False","59"
"60","andrewbauer@gmail.com","pbkdf2:sha256:260000$abu1kchbnyU0LEZh$6bdc664eafc792c359a1022e5f482f1c8a23e76ed28a80d35137e787194f8cc0","Amanda","Quinn","2742 Michael Spring Suite 543
Smithville, PA 43768","False","60"
"61","ferrellkeith@hotmail.com","pbkdf2:sha256:260000$m3pvj7NYdX2Pdhyd$8d092204f0c2516f33d74586f09f478eacc1bfb5641af789fa8881cb2c7858b0","Brent","Hernandez","5263 Eric Mount Suite 930
Derekmouth, OK 12916","True","61"
"62","tylerdavid@gmail.com","pbkdf2:sha256:260000$qt8bVdA15bBqYGf3$f700cfca16121e9e5745cab6e17ce8684db6ebcc8154a2c797ab820e5882aff6","Matthew","Cisneros","96654 Kelly Parks
Randybury, NH 26983","True","62"
"63","jenkinsmatthew@gmail.com","pbkdf2:sha256:260000$kTOIhrgSH4prAIsV$a12a0c206b80e9f793ca72e9d8fc23d7afbfc38e1d779fdd8aabd4f7541dfb05","Jaime","Rogers","58620 Samantha Route
Jaredchester, UT 85131","False","63"
"64","cindydavis@gmail.com","pbkdf2:sha256:260000$CsasFKaonH1wm3tf$f24d1457549be519eb2e2e45241867f878291f9d0bbf52cc9a5ea2067699a4f4","Marc","Ponce","67253 John Canyon
South Thomasside, NE 32941","True","64"
"65","angelahall@hotmail.com","pbkdf2:sha256:260000$W2Vd13JoG8ZpNwJo$b79fe9de6eb33b1664641f3a8f529c2b87e8cadf79461301bafa33438606a1e0","Alexander","Peters","05190 Mary Throughway Apt. 399
Claytonville, HI 16437","True","65"
"66","kristinperry@yahoo.com","pbkdf2:sha256:260000$J9tCYobRFP0AEfXy$baa03f309df9619132953324319a89a5bd2d6334ab9876b3bcbdd39aeea874cc","Jennifer","Marshall","771 Danielle Valley
Josephfurt, ID 03753","True","66"
"67","fheath@gmail.com","pbkdf2:sha256:260000$rQhhw047A9Unnfwb$b3a3055f7c989318c9dedb5ff58f0e4f87151e0213f7be2429d42d2b3208293e","Nicholas","Smith","08651 Johnson Springs
Lebury, MS 08248","False","67"
"68","patricklopez@hotmail.com","pbkdf2:sha256:260000$Soj6ZPTYppken2zu$a22306cd0a01f1d3ed7c12f45383ac983df849b616846597fe45688ea558fe48","Jessica","Wilson","554 April Circles Suite 196
Tylerville, NH 82744","True","68"
"69","whenderson@gmail.com","pbkdf2:sha256:260000$Jzs9LhwwG4iD7Js0$e554d14ce957ac436ef02723c2c534cb172ab77a31edd15bb2870a65979fe7ad","Keith","Ramsey","5383 Kimberly Tunnel Apt. 342
South Jesse, IN 52392","True","69"
"70","diana20@hotmail.com","pbkdf2:sha256:260000$beKGytdiFyjyJBek$df94f7775bca07ccee78ae014a26023e31b732d9a752e3b95afe66f8d7573cb1","Michelle","Sutton","7572 Oneal Circles
Deborahborough, DC 87692","True","70"
"71","alyssa15@yahoo.com","pbkdf2:sha256:260000$EEpH0pmzTFtuXcxl$48dca4fcebb925d1094486660425b3972920f946f210add4e1d31408f786cca5","Rebecca","Garcia","993 Mills Estate
West Carlos, MT 55995","False","71"
"72","sydneywagner@yahoo.com","pbkdf2:sha256:260000$xM0V1yYOvEvjeqPG$8be010e23e8b801e08663f2b798e5114f62d3166ab4cb265b9c4490fcb564839","Adam","Burns","29381 Huber Parkway
Brownstad, NH 78159","True","72"
"73","jsalas@hotmail.com","pbkdf2:sha256:260000$MVqu9izFkOEPkB16$b808b5f2c461b5f0f2e0286c964e7278add29999c74cf39cb6543097e880b8a8","Randall","Ponce","68551 Sarah Squares Apt. 553
Lake Samanthastad, AR 12799","False","73"
"74","nmorgan@hotmail.com","pbkdf2:sha256:260000$Zip0Ww7DJMpnFMy3$c80da936b8233198ed7ad7680a638849db0689c1ac60a89817b73d5a501b26a9","Cameron","Woods","92727 Alex Trafficway
New Thomasfort, KY 86237","False","74"
"75","savannahsoto@hotmail.com","pbkdf2:sha256:260000$qWGNQblRRN49snYt$97aa0f5c69d8d8e10002a70d33a311a7cf88d7b70fd45f575d96a66d8abeb7f0","Megan","Nash","5640 Sara Lakes Apt. 150
Valenciachester, OR 56221","True","75"
"76","debra49@yahoo.com","pbkdf2:sha256:260000$rISjVL4wui0OXgZB$f9aa42fd8ce181445c9acd83cfcc63b197d1f6362ed9e0fa1d77097b2dee0bc6","Cody","Morris","46670 Orozco Walks Suite 505
Diazmouth, CA 12755","True","76"
"77","edward63@gmail.com","pbkdf2:sha256:260000$wGPqxG6Uo0EEYqTh$17aec12898aa9fede62971e7b994596f0d02b9c2fe2aa7c08ae2f675fa79667f","Valerie","Jacobs","2337 Tina Trafficway
Lisaborough, OK 94452","False","77"
"78","rhernandez@gmail.com","pbkdf2:sha256:260000$NIi2HftbLxgFaocb$42d36dec065eb63acaead04032c9d09bbc678d80e9729b79862a8d082d3592c3","Kevin","Hansen","377 Crystal Shores Suite 887
Coreytown, WV 46032","True","78"
"79","amartin@yahoo.com","pbkdf2:sha256:260000$kieXiy3XkGJPTK8B$035454d2402b0b96a538f19e55be7078a17d63a5ea7fdf9621472d8c87ede05f","Richard","Stewart","70212 Erin Creek
Port Ronniehaven, AK 21633","False","79"
"80","brivera@hotmail.com","pbkdf2:sha256:260000$gQBcD2tmFlOAV2YV$e6b839945342859f4494f7cbad2e15baac9ed87ead03cca8b0686a75e775bdbf","Kevin","Lynch","41309 Gray Shores
Clarkland, MI 64945","False","80"
"81","malonelisa@hotmail.com","pbkdf2:sha256:260000$ixEFnt28IwLI4913$90f83b4efb03a2f5f5aadcb3aba75118f11399aabe3fcbaa159cde46266b6be2","Kimberly","Schwartz","3213 Kyle Tunnel Apt. 128
Stephensonview, DC 11471","False","81"
"82","rjohnson@hotmail.com","pbkdf2:sha256:260000$S0EPw30tKzHnf1ks$6819aef3bc3b9f595154b35893400811e10342091f040ddaf97fd68df5fc24cf","Brandon","Wheeler","4111 Lindsey Ridge
Port Marymouth, PA 80240","True","82"
"83","christinacollins@hotmail.com","pbkdf2:sha256:260000$oqWk3Qo32s9rhAg1$9e862806013eae462906b5b2de67f7a6250a72773bf4fcfe70bc972bf134a879","Robert","DDS","16323 Callahan Run Suite 796
Port Amber, MA 12903","False","83"
"84","christopherwilson@hotmail.com","pbkdf2:sha256:260000$v7CHIUJlp2yS0mA4$04d1cc6de51afdd333df916ed3e7a59db06c52df02d91b876bb981f3cd222264","George","Butler","57715 Harper Street
Barryborough, LA 34759","True","84"
"85","steven26@yahoo.com","pbkdf2:sha256:260000$lRcZG6LWq7O3Uv34$42456ab0b264e8902825cec1c87a41c4b8773a9d51f54e3fe384b22042665f6c","Shawn","Gregory","747 Lee Ford Apt. 772
Port Russell, IL 46141","True","85"
"86","amyhuff@gmail.com","pbkdf2:sha256:260000$SLk4QinNeH3ELCb2$fc1be16d34a5d985c18088c99bfc52d0e7384e8f0ad7f1cdf42620f7e4fbb673","Glenda","Shelton","44232 Peterson Parkway
Port Stephanie, OR 06453","True","86"
"87","hernandezannette@gmail.com","pbkdf2:sha256:260000$5Uvg0enOExiY7FJD$8fdfb0dad1b6102f3301c9a6a9c4368922cc6b53a1a50ddaa08e1cf4d4750e1c","Karen","Johnson","5955 Kevin Lodge Apt. 795
Kristenville, DE 90447","False","87"
"88","upayne@hotmail.com","pbkdf2:sha256:260000$4b4vjGfvCW80UzTh$f5c8deb39f5e7b8f31eb6c90a8ce6edffb986fe7efb379433f0c8f3516d3cc07","Sonya","Lucas","4907 Ryan Run
Millerbury, NH 83856","False","88"
"89","vhernandez@hotmail.com","pbkdf2:sha256:260000$QAyqtnKhtW4m1KQS$d6bbd4cfd37456be00e1e74bf397c6eaa8e544e17aebcd3e04fe9b180afc6bcf","Michelle","Pham","633 David Estate Suite 987
Port Aaron, CT 02786","False","89"
"90","drakefrederick@hotmail.com","pbkdf2:sha256:260000$sNNiBAVCAXJARs9t$08985c84f09c25fa9a003d201de55866b23e227d9c735e092972551cc0baa32a","Daniel","Carter","110 Dylan Wall
Anthonyville, PA 95777","True","90"
"91","allenthompson@yahoo.com","pbkdf2:sha256:260000$S5M8uqyF7PqQSKFp$b9d0477a4fefbb60816d26c536313bb586c7c873dc3c4775f671950a6c60445e","Shannon","Smith","6107 Salas Groves
Ponceview, OR 20727","True","91"
"92","seth24@gmail.com","pbkdf2:sha256:260000$fgFXrFzvLBmXDfZb$c03cd69ae7cb14207bcff73b800e6cd5f8a80d4f44194ef1b4de9cdd197f12a5","Michael","Wood","Unit 4426 Box 9639
DPO AE 30631","False","92"
"93","csaunders@yahoo.com","pbkdf2:sha256:260000$oG04qNiPC6W4lJFI$b1d40de5fa0b20f8035b4cdab1a1ecbf44b7a2061042912be86f8a04984c3297","Brandon","Jones","20574 Miles View Suite 209
Frankmouth, DE 57833","True","93"
"94","mike86@yahoo.com","pbkdf2:sha256:260000$hBLk46lNhDUBjvWb$397721d3267330ee28f8a2f40c841cf126c3b1d769ae7cf87c269b4bf7b40715","Brittany","Frank","PSC 9367, Box 8046
APO AP 15197","False","94"
"95","shawnharris@gmail.com","pbkdf2:sha256:260000$2PEwS9H4R1dZuuIf$48e79ff99dc260a8c3b1eca181d1778052c3c87d44fe2e453f13c0d2f6fc5c97","Michele","Hall","071 Gonzalez Knolls
Moorebury, VT 66362","True","95"
"96","christopheranderson@hotmail.com","pbkdf2:sha256:260000$e6gmPkd2ggpS4u9x$3794f3714f04f6711a41995b858aef7992d0cd0d44dd3d7e2078552c52e3f97c","Kenneth","Kemp","3119 Austin Mews
Christopherton, WA 17502","True","96"
"97","robertsmakayla@gmail.com","pbkdf2:sha256:260000$Ik5xAVLjizWyn309$61f7fb0b63e36ec2b53d1f9f5c3558c3eb695c2eaf1447ccf6b8e44231e80016","Jennifer","Gomez","362 Proctor Terrace
East Mary, TN 45122","False","97"
"98","millercorey@hotmail.com","pbkdf2:sha256:260000$ybZKcVZO3jjhNYCl$e8552c6cb61e6d0df7b72e7dc2739b77488cbd317ac51f3c9f3f506a59bf369c","Karen","Myers","3033 Lynch Expressway
South Katelynfurt, HI 04244","False","98"
"99","brandonramirez@yahoo.com","pbkdf2:sha256:260000$WD4bdiTuNpvhcnOP$fbff7877463dbc8b4de1d76e4be434665a162731e136f3b9247823318ebe86f6","Chelsea","Andrews","645 Peterson Knoll
Jamesport, VT 64621","True","99"
