"0","tamaramorrison@hotmail.com","pbkdf2:sha256:260000$P4rUsb9Os11kCpQW$c031d499ae4ae4b931b23f7d237bdecfba590ce3f16183e7ca99ad2d2416e9ec","Gary","Cross","711 Golden Overpass
West Andreaville, MA 71317","True","0"
"1","stephenschristine@yahoo.com","pbkdf2:sha256:260000$nSz6hWXUjA9cThzU$d43358bc0e44b54980199f45779c80be79d9a1f50fc480c26d3d2aef4303879b","Chelsea","Greer","Unit 0903 Box 2173
DPO AP 08507","False","1"
"2","alexwhang@gmail.com","pbkdf2:sha256:260000$vqWeob7JrtVYTA2q$19837e93bdaa2df54d1d0a01b66491b4cc8c09195f52062adfe4c1aed13d6349","Alex","Whang","듀크 
대학교","True","1000000"
"3","williamsfrank@hotmail.com","pbkdf2:sha256:260000$HW7SrGzPHoG5i5sk$d7fff82f5ae251ac49ffdff283c4f78124e7abb0804e6739783717467c4f8e3e","Melanie","Grant","658 Jared Radial Suite 022
Mathewstad, CO 44836","True","3"
"4","jward@gmail.com","pbkdf2:sha256:260000$pPqZuoCOmJH7dzAP$bfe7e12af96939e8fa540a44eb1014ee0f66c3bf100adbe6869fd392c8cf4f94","Isabella","Hinton","08731 Sanders Fords
Port Jasonberg, ID 60585","True","4"
"5","melissayates@hotmail.com","pbkdf2:sha256:260000$ORdXXjjeMrVgX4Rr$a4e1706a2edc1e1d423ae5635212b8e9edebcd3a0fbd90d7a50c1f615315118d","Joan","Atkins","809 Erika Valley Apt. 634
Petersenfort, WY 51431","False","5"
"6","stanleyclarke@gmail.com","pbkdf2:sha256:260000$rsuNYvyV8jz8wrJD$17b733717719c2f06a5a4dd0b839681c7e7c5c1bb1d866567424b42d7ffea282","Ashley","Dunn","519 Kramer Crossroad Suite 418
North Kimberly, MN 99672","False","6"
"7","eric22@gmail.com","pbkdf2:sha256:260000$kSg6Z8o6hM9d1aCP$e32026cec1195d88336994ebc67f917b33b6fb7dddda08302a003c0651f5c99e","Melissa","Cantu","420 Michael Mountains Suite 485
New Victoria, ND 76634","False","7"
"8","bramirez@gmail.com","pbkdf2:sha256:260000$FQzGZ1COVRiWqDe2$ba3f5a256bfa72a8343c2f3176b3a5e2600c1fff78db747e55a15c442b7dc349","Christina","Smith","489 Roger Terrace
Davisfort, IN 71770","False","8"
"9","kellypeter@gmail.com","pbkdf2:sha256:260000$6833fljABjxD6c5z$188bdb98b41cb04513e005972dc26e4348a583a3497337490e091ad4e08afb68","Melissa","James","637 Neal Island Suite 074
Lake Tyler, RI 28775","False","9"
"10","fcarpenter@yahoo.com","pbkdf2:sha256:260000$vL7hjB26wfOYg1nF$350d86dbf27d13a0094f5469e710f1a9d0c8fbbb2d5310e0f20d7a63f794226f","Amanda","Schultz","491 Wise Knoll
Ellishaven, SD 72221","True","10"
"11","allenmargaret@gmail.com","pbkdf2:sha256:260000$6964dzpFN0OUEFcl$1d9dd59cea4967181a825b60c3fd5bde5d4d4d58c8090c77804c2f9c64665960","Danielle","Daniel","48107 Hardy Causeway
Wernermouth, DE 11722","False","11"
"12","jeffrey31@hotmail.com","pbkdf2:sha256:260000$Uiaw7lOod0GDLMcU$78f40552eceeff81504e41a343464f15083247915510f55611022f6ed83c3f2b","Alan","Mendez","886 David Rue
Davidshire, IN 88959","True","12"
"13","cooperelizabeth@gmail.com","pbkdf2:sha256:260000$4SaZsRcoU8epLYqS$6def2067c1ea6e0535491480c25e10ec882870a0f4292750ae51150a6d74385a","Matthew","Perez","250 Burton Burg
North Alexander, MD 09223","True","13"
"14","bryantjennifer@yahoo.com","pbkdf2:sha256:260000$D6qdSPedBP6G07Na$02d173ace0728f498d63fd091a43e4dc8eb7e056c6a9a12f05536da65eb674c3","Oscar","Bennett","85265 Pratt Lock Apt. 484
Maddenside, OH 34900","True","14"
"15","rfischer@yahoo.com","pbkdf2:sha256:260000$KHQDuyts60zk6LvT$8a3e0444e75c75a79db329dde0a2f80b8157e2a600ead211d1700ceb33ca526d","Brenda","Williams","931 Ramirez Village Apt. 821
New Daniel, SC 71728","False","15"
"16","vasquezkathryn@gmail.com","pbkdf2:sha256:260000$f6m3OR6besRKhBFo$4ede034f58f06bda5f911b86690b7ef67a5fa0645d1bf94445f14bd3a302aeb6","Cynthia","Reeves","PSC 6644, Box 6595
APO AE 40742","True","16"
"17","kimberly87@gmail.com","pbkdf2:sha256:260000$I5CAtzKiEl601BRS$5bf84c1980c883093bbe1c56b62cba237ad3d2c6e76230aede8b27bb7d90c328","Kyle","Powell","080 Herring Key Apt. 182
Jamesview, UT 93388","True","17"
"18","morriskrystal@hotmail.com","pbkdf2:sha256:260000$Hn96L0h1wPkz7r1I$521ad8069a781bddf5889f48ee2efa46d9f4d8cc7d44217513064a4d15a5903a","Lindsey","Oliver","4361 Davis Burg
Andrewfurt, UT 86147","True","18"
"19","emilyjames@gmail.com","pbkdf2:sha256:260000$noUd4xpIzOOGMJew$3305f10450e35aaef1464fde966e4e7ed569db78d189e4fafb324fe26d6cf002","Carla","Fisher","90622 Anthony Islands
North Brandonville, RI 19859","True","19"
"20","michaelanderson@hotmail.com","pbkdf2:sha256:260000$2t9Iz1uyufQI3FSZ$6e0150d2a07e0562a0d614a8df4789eb478a2cd9a8e1fb6410dd5638d3ea1287","Gilbert","Jenkins","8034 Jennifer Islands Suite 604
Johnsonchester, MS 95905","False","20"
"21","deleonwilliam@gmail.com","pbkdf2:sha256:260000$3uY9TBLyNCvDeRBJ$466d3d745291186869f3b1932902473bfaf1626c4b900f44376a134e6edac36e","Maria","Harris","01575 Erica Land
Elizabethbury, OH 72804","False","21"
"22","joshua07@yahoo.com","pbkdf2:sha256:260000$PiUpDnuKHpX0jD2D$8231435f86a93b6166882ad8856d275765eb66ecd3e329ebb762b1b31c8cdc6a","Heather","Davis","68971 Hansen Well
Moniquetown, IN 65740","True","22"
"23","leonardsutton@gmail.com","pbkdf2:sha256:260000$DxOWPBtLiKoToqwu$65fa865cb92779a4c0c6ae72ea9652d214c3ef857311ca107d603e0c727065af","Patrick","Spears","Unit 7879 Box 9368
DPO AA 64290","True","23"
"24","gmiller@yahoo.com","pbkdf2:sha256:260000$45uo6k4j0PSecKgG$71eb55b8e5296813421fd607602e793ae07cbb9ab2f624a9ef9bd2e22b7be6f7","Lisa","Hopkins","818 Heather Mountains Apt. 877
South Amy, MT 33850","False","24"
"25","sanchezrebecca@yahoo.com","pbkdf2:sha256:260000$I7ucohOPN5qKuiFg$0a8550fff94274fd403620d6289b45a5720d92bb076ef39d6f9d2a5b4771ae2b","Amber","Vaughan","899 Hernandez Spurs
Nolanshire, PA 58353","False","25"
"26","jeremy94@gmail.com","pbkdf2:sha256:260000$A0v6y1rbS9N51Nja$eea9d062b6feefaeba7190f4c87a00be6943ea3a068af48560b321dababc1ac6","Damon","Jensen","852 Green Ramp
Ramirezbury, MS 98277","False","26"
"27","heatherhayden@yahoo.com","pbkdf2:sha256:260000$npitfvydyJmkJH2F$792285163356f4bcb653714b1c7543c0e27f03896d9d9d9a5339d5e3449ff411","Zachary","Garcia","192 Johnson Ville
West Colin, VT 28939","True","27"
"28","preyes@gmail.com","pbkdf2:sha256:260000$HilHOEZhlqMg9Maw$b7ab61dab0ba7f1374fec9a5c7fd4fe9acafeac4dcc2c32b5de6b878a591e70f","Amy","Price","PSC 8771, Box 6528
APO AE 30780","False","28"
"29","dixoncarl@yahoo.com","pbkdf2:sha256:260000$ULJOBxldNeT1Xkd7$c854e4e4a93521285750b66798f0d93dddb2bae8cf9680232aa4b2c57b378de7","Jasmine","Cruz","36746 Stanley Green
Port Ericbury, IL 06444","True","29"
"30","tatealexis@hotmail.com","pbkdf2:sha256:260000$72bMOcbWMBukZCWs$2147b714ee491637195f31de7461fd557afc9e3ebb948a2080698955aef63a73","Veronica","Harding","400 Cathy Expressway Suite 367
Micheleland, NE 15618","True","30"
"31","vschneider@gmail.com","pbkdf2:sha256:260000$rSYruiomUPP69eev$b86da3dc33cdeef06a272ebb80b08aca9b02ddffd94011f0bbd81b33e1edd408","Brian","Kelly","Unit 2166 Box 7052
DPO AE 92631","False","31"
"32","harnold@gmail.com","pbkdf2:sha256:260000$a4DoHSU4h4aFKXGH$1141c4e068d51efc5001489c6e47d96602c677bdf8a341213e8e3586adba30c1","Ashley","Cook","3475 Ruiz Pine
North Lesliefurt, MO 71569","False","32"
"33","blewis@hotmail.com","pbkdf2:sha256:260000$DTCzwucIgVWWxhZf$47bd03c095eb983462e8df5068df036dc2e757a38a8fd922f92f821aa03826c5","Ashley","Williams","6037 Vega Vista Apt. 078
Port Paul, TX 76557","False","33"
"34","hbrown@gmail.com","pbkdf2:sha256:260000$u0xfkUjBg33HmPvx$03a7e5f94fb8f23f4751206f56d382bbe3d713b3c50ef0e8b76d5743865f4754","Ann","Crawford","0033 Melanie Mount Apt. 484
Barnesmouth, TX 97852","False","34"
"35","barnesdustin@hotmail.com","pbkdf2:sha256:260000$afxuP64MPqHMvj5U$83ad2152792deb9bbdd9a3f8ceb695a74a95c3ec102ce5f19fca35406929bdf6","Chad","Bridges","8724 Rachel Squares
Latoyabury, FL 27650","True","35"
"36","palmercassandra@hotmail.com","pbkdf2:sha256:260000$oQ6WN9V9hnPlrBCv$f64edd15e2d6f6c294576057948887316766f55b6a061e95080c875061c16b55","Dalton","Fritz","33319 Russell Village
New James, CO 25596","True","36"
"37","jfoster@yahoo.com","pbkdf2:sha256:260000$iu5j1mX1b1JYex6e$55d0a48f610af581af54324b7c5d15c1e6acdf08563abe23c7c1ae2cc50f50a6","Sherry","Vincent","218 Flores Stream Apt. 533
Adriennechester, VA 97185","True","37"
"38","tbraun@gmail.com","pbkdf2:sha256:260000$3IWImaWWIU5eelB1$999c7fc41a51835004cb2a5975e83616c5f0381dbe8919e67e5c4aef0caa09a8","Mario","Shelton","29229 Carlos Harbors
West Cindyshire, KS 76302","True","38"
"39","heatherclark@yahoo.com","pbkdf2:sha256:260000$q4i0Y2XrJFFRgLE8$c23e1e7ca5cd618d508e8612f028f849967d9ebdab6e443bf4bd9ef5c3cd5573","Patricia","Dixon","04164 Todd Mountains
Zacharyberg, NM 35645","False","39"
"40","pamela18@hotmail.com","pbkdf2:sha256:260000$Cr1i0TW1jik1FD6s$2558bf0094e7cacaf1f28607f1ddc8928d8be6edc5911f1e8dd6f08ac36efc6f","Kelsey","Grant","3359 Green Extension Suite 601
North Markborough, ND 15579","False","40"
"41","qbraun@gmail.com","pbkdf2:sha256:260000$YgAvBnJQELhLcByT$f9722ee52b7673873f3af7b3d7a460d23c560c29fd59e5f42adcf2c44b41b942","Alexander","Wells","69582 Travis Mountain
Richardsonborough, IL 09429","True","41"
"42","gmoore@hotmail.com","pbkdf2:sha256:260000$ukGcCp85QGUYvvqA$e01e5bfac7ccf2dbb93e7d11320b9a3e60c943611557181fac42df320f6a7322","Crystal","MD","90320 Leonard Fall
Randyport, AZ 21393","True","42"
"43","fdixon@hotmail.com","pbkdf2:sha256:260000$6kBZ5Ax4Ou9GBI6U$fec67d6780349a55b6b299ee5aa22a8ea28a9919e94dd09888cfbb4b057364e9","Kristina","Flynn","76117 Benitez Stream
New Curtis, MN 96166","False","43"
"44","rsmith@yahoo.com","pbkdf2:sha256:260000$EzYIDmQ5P2AZSKqw$56a08927b87a4791b4eed996946fa8a417870c91a88ef69e48186604882b4d8b","David","Lopez","46850 Hall Bypass Suite 842
Brandonview, CO 44400","False","44"
"45","johnny46@hotmail.com","pbkdf2:sha256:260000$rSN7M42ZCW0O872F$3bb75ac6e2c4aefc22674c635f7f0cb6b20de22223e721362853a1b5b9d0af92","Timothy","Kerr","2648 Flores Stream
Henryville, PA 41804","False","45"
"46","taylorsteven@gmail.com","pbkdf2:sha256:260000$yEfhHeuNyesBMQkd$30f4058b4bbc6222ce761545b150cfc4e6a7b44009ebcb9587c9fe1b98cdbfbc","William","Burns","468 Kristopher Curve Apt. 215
North Anthony, CA 75692","True","46"
"47","fbenjamin@hotmail.com","pbkdf2:sha256:260000$gLXQiyeVttIaQ1x6$8f37abe41087a3ac62a9b3e710f2a6c3acc736244a619738fa8864aeb508371d","Christopher","Guerrero","65545 Jaime Run
Danielleburgh, OH 21345","True","47"
"48","josephmason@hotmail.com","pbkdf2:sha256:260000$qMQZPlTHJ7TWU002$585fe5f793df7c3bcf01c8dfa9e5b6c787134b9efa27ae3e0c16ee393068172d","Kathryn","Noble","15233 Keller Wall Suite 978
Kimtown, TX 81993","False","48"
"49","richard56@yahoo.com","pbkdf2:sha256:260000$YaOWVvjFjqyykRUU$43a94ed25fcf4b8be1286aa4794553a7421f5eeb5be97e76f453e6c8d8afe0ae","Daniel","Cortez","31925 Ware Trail Suite 586
Riveraview, ME 58653","False","49"
"50","fosterbryan@yahoo.com","pbkdf2:sha256:260000$7iT9NF74A5z8mMwl$9104a772a4c383e6b8834af4d2069a6230f0ae1f260fe5aea94f254cc3f3f5ad","Laura","Morrison","224 Sparks Islands
South Valerie, ND 13613","False","50"
"51","anthonyvincent@yahoo.com","pbkdf2:sha256:260000$0Om2Bn3QrwD7FRIk$4f5767fb43e8bd49fbe85e73a13f8090656cdd12e23ab6e5e212f2e5082d000f","Renee","Moore","5285 Lisa Course
North James, VT 86261","True","51"
"52","sawyersamuel@yahoo.com","pbkdf2:sha256:260000$DA4QKL7SxdYhQamh$4d05b091344422d8aebeb353fd110c68575e9f7b99a3b61cf0d073933ab88725","Alyssa","Farley","938 Jason Summit
Gallowayville, GA 21419","False","52"
"53","gstone@yahoo.com","pbkdf2:sha256:260000$kokCT6ZcfPuUtS2E$1175924c78cf5a5573da9a1d3974c623669b6419ef2e09eeffd9024affa752f8","Alexis","Williams","810 Ralph Via
Georgefurt, TN 42292","False","53"
"54","kevinflores@gmail.com","pbkdf2:sha256:260000$Ay6b1V6dvbmGF4Xm$da5c19fa19d27930d4ed70c2643ef8846745e365da0ceddc4f364b25c608acb8","Jasmine","Castro","983 William Oval
New Jessica, DE 20592","False","54"
"55","gordon43@hotmail.com","pbkdf2:sha256:260000$fWVXghDiTXGUfOP7$f908a40426a8127554b868e9abb01b7d2acb5fb672a6257b419efd3a28fb6a0f","Joseph","Williams","411 Craig Knoll
East Lauren, VA 97386","False","55"
"56","matthew91@gmail.com","pbkdf2:sha256:260000$3OcMq9y9idzV7Tt6$9979f3a20359f93277d7fea7005cdf6e3e2b7fc5e5cbc126b8115dd77ffb7a91","David","Waters","2185 Curtis Summit
Lake Franceshaven, UT 65182","True","56"
"57","tricia79@hotmail.com","pbkdf2:sha256:260000$Rl0bxKa9A4xaY83G$2e72000735cdade07d35fe2acd79c7bf69b89ce3e1e441356c3322b26b6f3131","Jodi","Moore","PSC 1503, Box 3744
APO AP 49592","False","57"
"58","kaitlyn18@hotmail.com","pbkdf2:sha256:260000$pTdumqQ7yRr6o44N$5acb5d4751528de70529aa6897a90206f163dca076b200fbc44bc0c13cdd42ee","William","Mccarty","165 Lisa Ville Suite 918
New Emily, AK 02870","True","58"
"59","luis49@hotmail.com","pbkdf2:sha256:260000$pNURHGhftKY91X2D$3729ca3f29eead0815c977c1ad5d9354cdfc34d75c0b5be6c6ed326dc49b8d59","Michael","Goodman","1128 Kimberly Lake Suite 506
Grantport, NJ 06309","False","59"
"60","andrewbauer@gmail.com","pbkdf2:sha256:260000$d2fVZbyE31pWSgaC$4b7f49d5d64713cb75529854e108b52304a623105cdea1230e260dbd43649bfc","Amanda","Quinn","2742 Michael Spring Suite 543
Smithville, PA 43768","False","60"
"61","ferrellkeith@hotmail.com","pbkdf2:sha256:260000$fNfDc4mq9nYlqr82$daf9648ab9e0f6a0c32598964814050cf21c6ee44d31a0867959c1685fb41990","Brent","Hernandez","5263 Eric Mount Suite 930
Derekmouth, OK 12916","True","61"
"62","tylerdavid@gmail.com","pbkdf2:sha256:260000$EDrsBv5ULmCdoehS$ccd6e69e26b2c39fee809970790a470a68cbae37fa0b60e8f58a5eb84133cb76","Matthew","Cisneros","96654 Kelly Parks
Randybury, NH 26983","True","62"
"63","jenkinsmatthew@gmail.com","pbkdf2:sha256:260000$91bCMXW64WPymm8a$3cb1f2c334ecf5a43e676b38b34146dc3e4eb3ea61ee19372f5a327d3298fa62","Jaime","Rogers","58620 Samantha Route
Jaredchester, UT 85131","False","63"
"64","cindydavis@gmail.com","pbkdf2:sha256:260000$MYOv4AA5kzOooZs3$36511e913bb482f6a1983ab9762b90f3dfab2c75348f4ecf852c067bbd208f7a","Marc","Ponce","67253 John Canyon
South Thomasside, NE 32941","True","64"
"65","angelahall@hotmail.com","pbkdf2:sha256:260000$yb9gs3CsnAnC0Gwj$86b30bb038e47bcc4f20b847623148ce2304dc6ce016f58c0162c2a8af3c6da4","Alexander","Peters","05190 Mary Throughway Apt. 399
Claytonville, HI 16437","True","65"
"66","kristinperry@yahoo.com","pbkdf2:sha256:260000$Z8Gh6X3PG8LpfCDe$cd0bcc38d0eb0f5f4ce3946522ef5bcc3a7ce3148d7c85a2f4a45e1f20451fa7","Jennifer","Marshall","771 Danielle Valley
Josephfurt, ID 03753","True","66"
"67","fheath@gmail.com","pbkdf2:sha256:260000$nwPQnlX9AAWSlG3B$b5fb6e2181f3a78d5a9170b84024cbbee30886231b72e93bf3b5450f091d4bc7","Nicholas","Smith","08651 Johnson Springs
Lebury, MS 08248","False","67"
"68","patricklopez@hotmail.com","pbkdf2:sha256:260000$5JxohNrCpyj8ZJ5E$fe96e2eddfea95dab4384c8842b998edfdf7a771cb39de775aaba2300e3bc7fa","Jessica","Wilson","554 April Circles Suite 196
Tylerville, NH 82744","True","68"
"69","whenderson@gmail.com","pbkdf2:sha256:260000$j47GXELUbVhshClf$822178dc2fcc21f5f870bb49814ac12cd191ff0c7ad009942104fd5ea273f9be","Keith","Ramsey","5383 Kimberly Tunnel Apt. 342
South Jesse, IN 52392","True","69"
"70","diana20@hotmail.com","pbkdf2:sha256:260000$Vobt95ILdsA3NJ7q$32b8bb208bac7d1946a8b4f497fdffd34d024800851600555a5a50c8e80d07bf","Michelle","Sutton","7572 Oneal Circles
Deborahborough, DC 87692","True","70"
"71","alyssa15@yahoo.com","pbkdf2:sha256:260000$u1FdAU8NeslBTJIl$5cd6ec9273e58183360fcace1c73df7fc2d93a2c1951139c78372d1c95491f76","Rebecca","Garcia","993 Mills Estate
West Carlos, MT 55995","False","71"
"72","sydneywagner@yahoo.com","pbkdf2:sha256:260000$v0N1UjeC5wZ8lbBB$80a78c869c80f2a5c70177f61a2f11d88e56ef0a7181a05aef5c94121db21b0e","Adam","Burns","29381 Huber Parkway
Brownstad, NH 78159","True","72"
"73","jsalas@hotmail.com","pbkdf2:sha256:260000$67QvCIa7BLOiX2XJ$2e725819eb8f7b1c41120518f84b1fdc20aa3468c3e96e32a5fa8bd5df3917cc","Randall","Ponce","68551 Sarah Squares Apt. 553
Lake Samanthastad, AR 12799","False","73"
"74","nmorgan@hotmail.com","pbkdf2:sha256:260000$VAOR5aMUcguelcoH$9d0b830e2d27e561321c832110e69d13636da05a17a6aae8f0d7b6dea0e411c5","Cameron","Woods","92727 Alex Trafficway
New Thomasfort, KY 86237","False","74"
"75","savannahsoto@hotmail.com","pbkdf2:sha256:260000$G8pAU37KCLcHTXHa$2c39262527e7a835ecafeef1f121dacc9a5aecadc1ba710935dfa94ae6cb9a36","Megan","Nash","5640 Sara Lakes Apt. 150
Valenciachester, OR 56221","True","75"
"76","debra49@yahoo.com","pbkdf2:sha256:260000$WM5gQABYENPKuPtT$906be932e1aa88f49cf1f1fbbf503c523018fb75e4b8c8398a6d6d9d69ff30f0","Cody","Morris","46670 Orozco Walks Suite 505
Diazmouth, CA 12755","True","76"
"77","edward63@gmail.com","pbkdf2:sha256:260000$HbiE7YObpkNjT2h0$313af58da011f47882af501d494aeea2862168d8a56245c6841025712384e4dd","Valerie","Jacobs","2337 Tina Trafficway
Lisaborough, OK 94452","False","77"
"78","rhernandez@gmail.com","pbkdf2:sha256:260000$1L8vIxwFUFtRS64s$0ebbfaae34d161db54333ff61d86393fa342d085dd2b383fa626d6ab20bc8e7f","Kevin","Hansen","377 Crystal Shores Suite 887
Coreytown, WV 46032","True","78"
"79","amartin@yahoo.com","pbkdf2:sha256:260000$DXqSwU0291PRfUZx$329ca96a22a6a2e015623fae04d72199279e0e6c2fd7bf33847daec8b853fdfc","Richard","Stewart","70212 Erin Creek
Port Ronniehaven, AK 21633","False","79"
"80","brivera@hotmail.com","pbkdf2:sha256:260000$9c1opZhPMliTGD7W$90eea0d4657a7da39d9cc7245aaec40ad9884d92e21f3c750bece1163f1b6359","Kevin","Lynch","41309 Gray Shores
Clarkland, MI 64945","False","80"
"81","malonelisa@hotmail.com","pbkdf2:sha256:260000$RbUgAWYtV9YreOtY$82ad32b0f642a20c5cc64209211e4c3136e1200526772a42e692aae61beaa7ad","Kimberly","Schwartz","3213 Kyle Tunnel Apt. 128
Stephensonview, DC 11471","False","81"
"82","rjohnson@hotmail.com","pbkdf2:sha256:260000$cNhc0kb4lQV0NqxT$4e6a9834167cdc65193b59f75c379fba04e0c99d4222969fd0374b6175cb4e11","Brandon","Wheeler","4111 Lindsey Ridge
Port Marymouth, PA 80240","True","82"
"83","christinacollins@hotmail.com","pbkdf2:sha256:260000$zCe8pvZFmYmnCK5n$35af2bb05061aedf276e4a8fbd934adad3a5d0a04c8d494ce5fbde9ce7c94b00","Robert","DDS","16323 Callahan Run Suite 796
Port Amber, MA 12903","False","83"
"84","christopherwilson@hotmail.com","pbkdf2:sha256:260000$pNI5mAqSpADMKzcs$c93c3af3d24de2cf5064a02ae072a7838f58b6b84ca1ad5e36c4c99d9493fe7d","George","Butler","57715 Harper Street
Barryborough, LA 34759","True","84"
"85","steven26@yahoo.com","pbkdf2:sha256:260000$cF3MHDhgKTLQ5S7X$c242b6d68eba50aa049f758e70b48df4e02529079c0943e0ca975ef19bb9669f","Shawn","Gregory","747 Lee Ford Apt. 772
Port Russell, IL 46141","True","85"
"86","amyhuff@gmail.com","pbkdf2:sha256:260000$ZJjXJT5u5CQCa2lN$3964a2f0da062027e6431afee70e7505a6be60d95776ea282c1e98f2c2173b3b","Glenda","Shelton","44232 Peterson Parkway
Port Stephanie, OR 06453","True","86"
"87","hernandezannette@gmail.com","pbkdf2:sha256:260000$K2ntlKw8b27Ip7AE$d9499b1e90b259e0c705b77eb58d0f0ebbc4396c0b27aeee455e757b6d097a93","Karen","Johnson","5955 Kevin Lodge Apt. 795
Kristenville, DE 90447","False","87"
"88","upayne@hotmail.com","pbkdf2:sha256:260000$y4ndylmTKrXSt83J$143eff14480d650e753b4d5de32af5251816372e18b1a034231a0bdd7d405dad","Sonya","Lucas","4907 Ryan Run
Millerbury, NH 83856","False","88"
"89","vhernandez@hotmail.com","pbkdf2:sha256:260000$pxcDdjDFN2Oa2sLJ$8131bc815a5b4e38783308032a92626fd0f2ad44c3f52f9218888b8646683f3c","Michelle","Pham","633 David Estate Suite 987
Port Aaron, CT 02786","False","89"
"90","drakefrederick@hotmail.com","pbkdf2:sha256:260000$XDFI2bnTHQnTRayO$cb3bfd6af7cd5e454a14c8cb7d2148e299b091b44d11cedbaf8d0717fb36a570","Daniel","Carter","110 Dylan Wall
Anthonyville, PA 95777","True","90"
"91","allenthompson@yahoo.com","pbkdf2:sha256:260000$ofT3FGazhrIn0LN6$e0d94732d5be43232b08bb49dca0bd99781cc7599786360d298bda8c8fd638f2","Shannon","Smith","6107 Salas Groves
Ponceview, OR 20727","True","91"
"92","seth24@gmail.com","pbkdf2:sha256:260000$Myu5eUoEJzxVDn4d$e5694cb356e0bf8820fb6d7f9c36f2324d1e2e17fdf08e358df1ea21e008aafd","Michael","Wood","Unit 4426 Box 9639
DPO AE 30631","False","92"
"93","csaunders@yahoo.com","pbkdf2:sha256:260000$LfVmg0rNtCK4tQM8$f2a8b64687c3425f7a9e55942797df0342221e2f4fb412773177c22b295880a6","Brandon","Jones","20574 Miles View Suite 209
Frankmouth, DE 57833","True","93"
"94","mike86@yahoo.com","pbkdf2:sha256:260000$4iwhIRPxcTCYrrWN$2d3ba2254f0861a746cd39eafe458815df220f7a337fe62d6a551fe50cbc1881","Brittany","Frank","PSC 9367, Box 8046
APO AP 15197","False","94"
"95","shawnharris@gmail.com","pbkdf2:sha256:260000$eYnkjlP5L4ksDqtV$ed34a7e378f67640680a5364b574f7fcc6cfdf707dfbe9b80f3d29b29949e3c9","Michele","Hall","071 Gonzalez Knolls
Moorebury, VT 66362","True","95"
"96","christopheranderson@hotmail.com","pbkdf2:sha256:260000$xYs28iuzaxllbQIZ$495eb1f47150d3bdadda5077a8b0adbce1cbece016df0140a778aac28898fefc","Kenneth","Kemp","3119 Austin Mews
Christopherton, WA 17502","True","96"
"97","robertsmakayla@gmail.com","pbkdf2:sha256:260000$JYaCp9CyPYfSyUMs$4874991a7b2f91313147c6eff884174941a55060c2ba4ae8899d525efb776c59","Jennifer","Gomez","362 Proctor Terrace
East Mary, TN 45122","False","97"
"98","millercorey@hotmail.com","pbkdf2:sha256:260000$QsfBdckYH8MTR147$1865ac993cc431083503f7b4f4f4158460e88479596255f31bb314c5bebf537a","Karen","Myers","3033 Lynch Expressway
South Katelynfurt, HI 04244","False","98"
"99","brandonramirez@yahoo.com","pbkdf2:sha256:260000$MeeYtttB0uHEbHuA$d96f15737aae7c087fe23409d41f1531dab86c7d7441db8c78bbd1775fc22d6e","Chelsea","Andrews","645 Peterson Knoll
Jamesport, VT 64621","True","99"
